Resume_File,Derived_Member_Name,Issue,Match_Count,Matched_Account_Ids,VersionData
Resume - Abby Desmarais.pdf,Abby Desmarais,no matching CPL Member Account,0,,/Users/paolacalle/Desktop/CPL/scholar_resumes/all-scholar-resumes-cleaned/Resume - Abby Desmarais.pdf
Resume - Annie Faraone.pdf,Annie Faraone,no matching CPL Member Account,0,,/Users/paolacalle/Desktop/CPL/scholar_resumes/all-scholar-resumes-cleaned/Resume - Annie Faraone.pdf
Resume - Brooke Ventrelle.pdf,Brooke Ventrelle,no matching CPL Member Account,0,,/Users/paolacalle/Desktop/CPL/scholar_resumes/all-scholar-resumes-cleaned/Resume - Brooke Ventrelle.pdf
Resume - Claire Snyder.pdf,Claire Snyder,no matching CPL Member Account,0,,/Users/paolacalle/Desktop/CPL/scholar_resumes/all-scholar-resumes-cleaned/Resume - Claire Snyder.pdf
Resume - Eleanor (nora) Smillie.pdf,Eleanor (nora) Smillie,no matching CPL Member Account,0,,/Users/paolacalle/Desktop/CPL/scholar_resumes/all-scholar-resumes-cleaned/Resume - Eleanor (nora) Smillie.pdf
Resume - Grace Mclaughlin.pdf,Grace Mclaughlin,no matching CPL Member Account,0,,/Users/paolacalle/Desktop/CPL/scholar_resumes/all-scholar-resumes-cleaned/Resume - Grace Mclaughlin.pdf
Resume - Grace Pottebaum.pdf,Grace Pottebaum,no matching CPL Member Account,0,,/Users/paolacalle/Desktop/CPL/scholar_resumes/all-scholar-resumes-cleaned/Resume - Grace Pottebaum.pdf
Resume - Jillian Loebs.pdf,Jillian Loebs,no matching CPL Member Account,0,,/Users/paolacalle/Desktop/CPL/scholar_resumes/all-scholar-resumes-cleaned/Resume - Jillian Loebs.pdf
Resume - Justin Schaeffer.pdf,Justin Schaeffer,no matching CPL Member Account,0,,/Users/paolacalle/Desktop/CPL/scholar_resumes/all-scholar-resumes-cleaned/Resume - Justin Schaeffer.pdf
Resume - Karly Murlless.pdf,Karly Murlless,no matching CPL Member Account,0,,/Users/paolacalle/Desktop/CPL/scholar_resumes/all-scholar-resumes-cleaned/Resume - Karly Murlless.pdf
Resume - Katie Vu.docx,Katie Vu,no matching CPL Member Account,0,,/Users/paolacalle/Desktop/CPL/scholar_resumes/all-scholar-resumes-cleaned/Resume - Katie Vu.docx
Resume - Kristina Ponomareva.jpeg,Kristina Ponomareva,no matching CPL Member Account,0,,/Users/paolacalle/Desktop/CPL/scholar_resumes/all-scholar-resumes-cleaned/Resume - Kristina Ponomareva.jpeg
Resume - Lauren Adams.pdf,Lauren Adams,no matching CPL Member Account,0,,/Users/paolacalle/Desktop/CPL/scholar_resumes/all-scholar-resumes-cleaned/Resume - Lauren Adams.pdf
Resume - Mary Kacergis.pdf,Mary Kacergis,no matching CPL Member Account,0,,/Users/paolacalle/Desktop/CPL/scholar_resumes/all-scholar-resumes-cleaned/Resume - Mary Kacergis.pdf
Resume - Ria Basu.pdf,Ria Basu,no matching CPL Member Account,0,,/Users/paolacalle/Desktop/CPL/scholar_resumes/all-scholar-resumes-cleaned/Resume - Ria Basu.pdf
Resume - Sasha Schratwieser.pdf,Sasha Schratwieser,no matching CPL Member Account,0,,/Users/paolacalle/Desktop/CPL/scholar_resumes/all-scholar-resumes-cleaned/Resume - Sasha Schratwieser.pdf
