Title,PathOnClient,VersionData,FirstPublishLocationId,OwnerId,Description,Matched_Account_Name,Matched_Account_Email,Duplicate_File_Number_For_Account
Resume - Alexandra Sanchez,Resume - Alexandra Sanchez.pdf,/Users/paolacalle/Desktop/CPL/scholar_resumes/all-scholar-resumes-cleaned/Resume - Alexandra Sanchez.pdf,001Vx000014a7RaIAI,,Scholar resume imported from cleaned CPL resume folder,Alexandra Sanchez,als431@georgetown.edu,1
Resume - Aliya Lynne Greenberg,Resume - Aliya Lynne Greenberg.pdf,/Users/paolacalle/Desktop/CPL/scholar_resumes/all-scholar-resumes-cleaned/Resume - Aliya Lynne Greenberg.pdf,001Vx000014a5MZIAY,,Scholar resume imported from cleaned CPL resume folder,Aliya Lynne Greenberg,aeg2254@barnard.edu,1
Resume - Allison Paik,Resume - Allison Paik.pdf,/Users/paolacalle/Desktop/CPL/scholar_resumes/all-scholar-resumes-cleaned/Resume - Allison Paik.pdf,001Vx000014ZoAXIA0,,Scholar resume imported from cleaned CPL resume folder,Allison Paik,azp2107@columbia.edu,1
Resume - Amiya Stroumza,Resume - Amiya Stroumza.pdf,/Users/paolacalle/Desktop/CPL/scholar_resumes/all-scholar-resumes-cleaned/Resume - Amiya Stroumza.pdf,001Vx000014a7crIAA,,Scholar resume imported from cleaned CPL resume folder,Amiya Stroumza,amiyais@stanford.edu,1
Resume - Angelina Vitale,Resume - Angelina Vitale.pdf,/Users/paolacalle/Desktop/CPL/scholar_resumes/all-scholar-resumes-cleaned/Resume - Angelina Vitale.pdf,001Vx000014a8InIAI,,Scholar resume imported from cleaned CPL resume folder,Angelina Vitale,angelinavitale12@gmail.com,1
Resume - Caroline Suko,Resume - Caroline Suko.pdf,/Users/paolacalle/Desktop/CPL/scholar_resumes/all-scholar-resumes-cleaned/Resume - Caroline Suko.pdf,001Vx000014a7eTIAQ,,Scholar resume imported from cleaned CPL resume folder,Caroline Suko,ces372@georgetown.edu,1
Resume - Claire Chen,Resume - Claire Chen.pdf,/Users/paolacalle/Desktop/CPL/scholar_resumes/all-scholar-resumes-cleaned/Resume - Claire Chen.pdf,001Vx000014ZTKeIAO,,Scholar resume imported from cleaned CPL resume folder,Claire Chen,czc3@georgetown.edu,1
Resume - Delaney Reefe,Resume - Delaney Reefe.pdf,/Users/paolacalle/Desktop/CPL/scholar_resumes/all-scholar-resumes-cleaned/Resume - Delaney Reefe.pdf,001Vx000014a87VIAQ,,Scholar resume imported from cleaned CPL resume folder,Delaney Reefe,delaney.reefe@gmail.com,1
Resume - Ella Woroniecki,Resume - Ella Woroniecki.pdf,/Users/paolacalle/Desktop/CPL/scholar_resumes/all-scholar-resumes-cleaned/Resume - Ella Woroniecki.pdf,001Vx000014a1KaIAI,,Scholar resume imported from cleaned CPL resume folder,Ella Woroniecki,ellaworoniecki7@gmail.com,1
Resume - Gabrielle Postiglione,Resume - Gabrielle Postiglione.pdf,/Users/paolacalle/Desktop/CPL/scholar_resumes/all-scholar-resumes-cleaned/Resume - Gabrielle Postiglione.pdf,001Vx000014ZjidIAC,,Scholar resume imported from cleaned CPL resume folder,Gabrielle Postiglione,gabpost@unc.edu,1
Resume - Ines Lovato,Resume - Ines Lovato.pdf,/Users/paolacalle/Desktop/CPL/scholar_resumes/all-scholar-resumes-cleaned/Resume - Ines Lovato.pdf,001Vx000014ZvbjIAC,,Scholar resume imported from cleaned CPL resume folder,Ines Lovato,inesvlovato@gmail.com,1
Resume - Laila Rosenquest - 9e3500ae,Resume - Laila Rosenquest - 9e3500ae.pdf,/Users/paolacalle/Desktop/CPL/scholar_resumes/all-scholar-resumes-cleaned/Resume - Laila Rosenquest - 9e3500ae.pdf,001Vx000014a5WKIAY,,Scholar resume imported from cleaned CPL resume folder,Laila Rosenquest,rosenque@bc.edu,1
Resume - Laila Rosenquest,Resume - Laila Rosenquest.pdf,/Users/paolacalle/Desktop/CPL/scholar_resumes/all-scholar-resumes-cleaned/Resume - Laila Rosenquest.pdf,001Vx000014a5WKIAY,,Scholar resume imported from cleaned CPL resume folder,Laila Rosenquest,rosenque@bc.edu,2
Resume - Lia Nafe,Resume - Lia Nafe.pdf,/Users/paolacalle/Desktop/CPL/scholar_resumes/all-scholar-resumes-cleaned/Resume - Lia Nafe.pdf,001Vx00000ymWRGIA2,,Scholar resume imported from cleaned CPL resume folder,Lia Nafe,ln480@georgetown.edu,1
Resume - Lillian Kleiman,Resume - Lillian Kleiman.pdf,/Users/paolacalle/Desktop/CPL/scholar_resumes/all-scholar-resumes-cleaned/Resume - Lillian Kleiman.pdf,001Vx000014a8DxIAI,,Scholar resume imported from cleaned CPL resume folder,Lillian Kleiman,lkleiman@fandm.edu,1
Resume - Madison Mcgarry,Resume - Madison Mcgarry.pdf,/Users/paolacalle/Desktop/CPL/scholar_resumes/all-scholar-resumes-cleaned/Resume - Madison Mcgarry.pdf,001Vx000014ZbOXIA0,,Scholar resume imported from cleaned CPL resume folder,Madison McGarry,madisonmcgarry3@gmail.com,1
Resume - Maya Geller,Resume - Maya Geller.pdf,/Users/paolacalle/Desktop/CPL/scholar_resumes/all-scholar-resumes-cleaned/Resume - Maya Geller.pdf,001Vx000014a8FZIAY,,Scholar resume imported from cleaned CPL resume folder,Maya Geller,mayaageller@gmail.com,1
Resume - Michelle Kasulka,Resume - Michelle Kasulka.jpeg,/Users/paolacalle/Desktop/CPL/scholar_resumes/all-scholar-resumes-cleaned/Resume - Michelle Kasulka.jpeg,001Vx000014ZooxIAC,,Scholar resume imported from cleaned CPL resume folder,Michelle Kasulka,mkasulka@villanova.edu,1
Resume - Noa Klein - a821fa65,Resume - Noa Klein - a821fa65.pdf,/Users/paolacalle/Desktop/CPL/scholar_resumes/all-scholar-resumes-cleaned/Resume - Noa Klein - a821fa65.pdf,001Vx000014a8HBIAY,,Scholar resume imported from cleaned CPL resume folder,Noa Klein,nak2171@columbia.edu,1
Resume - Noa Klein,Resume - Noa Klein.pdf,/Users/paolacalle/Desktop/CPL/scholar_resumes/all-scholar-resumes-cleaned/Resume - Noa Klein.pdf,001Vx000014a8HBIAY,,Scholar resume imported from cleaned CPL resume folder,Noa Klein,nak2171@columbia.edu,2
Resume - Noelle Winegar,Resume - Noelle Winegar.pdf,/Users/paolacalle/Desktop/CPL/scholar_resumes/all-scholar-resumes-cleaned/Resume - Noelle Winegar.pdf,001Vx000014a8QrIAI,,Scholar resume imported from cleaned CPL resume folder,Noelle Winegar,nhw14@georgetown.edu,1
Resume - Nyla Palmer,Resume - Nyla Palmer.pdf,/Users/paolacalle/Desktop/CPL/scholar_resumes/all-scholar-resumes-cleaned/Resume - Nyla Palmer.pdf,001Vx000019MlQnIAK,,Scholar resume imported from cleaned CPL resume folder,Nyla Palmer,nylapalmer25@gmail.com,1
Resume - Olivia Levitt,Resume - Olivia Levitt.pdf,/Users/paolacalle/Desktop/CPL/scholar_resumes/all-scholar-resumes-cleaned/Resume - Olivia Levitt.pdf,001Vx000014ZfWyIAK,,Scholar resume imported from cleaned CPL resume folder,Olivia Levitt,olevitt@nd.edu,1
Resume - Olivia Sandrew,Resume - Olivia Sandrew.pdf,/Users/paolacalle/Desktop/CPL/scholar_resumes/all-scholar-resumes-cleaned/Resume - Olivia Sandrew.pdf,001Vx000014ZjcEIAS,,Scholar resume imported from cleaned CPL resume folder,Olivia Sandrew,liv.sandrew@gmail.com,1
Resume - Olivia Williams,Resume - Olivia Williams.pdf,/Users/paolacalle/Desktop/CPL/scholar_resumes/all-scholar-resumes-cleaned/Resume - Olivia Williams.pdf,001Vx000014ZreaIAC,,Scholar resume imported from cleaned CPL resume folder,Olivia Williams,ow90@georgetown.edu,1
Resume - Sophia Grossman,Resume - Sophia Grossman.pdf,/Users/paolacalle/Desktop/CPL/scholar_resumes/all-scholar-resumes-cleaned/Resume - Sophia Grossman.pdf,001Vx000014a3FvIAI,,Scholar resume imported from cleaned CPL resume folder,Sophia Grossman,sgg62@georgetown.edu,1
Resume - Tatum Ban,Resume - Tatum Ban.pdf,/Users/paolacalle/Desktop/CPL/scholar_resumes/all-scholar-resumes-cleaned/Resume - Tatum Ban.pdf,001Vx000014ZZ3QIAW,,Scholar resume imported from cleaned CPL resume folder,Tatum Ban,bantate9@gmail.com,1
