Title,PathOnClient,VersionData,FirstPublishLocationId,OwnerId,Description,Matched_Lead_Name,Matched_Lead_Email,Duplicate_File_Number_For_Lead
Resume - Abby Desmarais,Resume - Abby Desmarais.pdf,/Users/paolacalle/Desktop/CPL/scholar_resumes/all-scholar-resumes-cleaned/Resume - Abby Desmarais.pdf,00QVx00000hGsDNMA0,,Scholar resume imported from cleaned CPL resume folder,Abby Desmarais,adesmarais@g.holycross.edu,1
Resume - Annie Faraone,Resume - Annie Faraone.pdf,/Users/paolacalle/Desktop/CPL/scholar_resumes/all-scholar-resumes-cleaned/Resume - Annie Faraone.pdf,00QVx00000hGsEzMAK,,Scholar resume imported from cleaned CPL resume folder,Annie Faraone,aef2205@columbia.edu,1
Resume - Brooke Ventrelle,Resume - Brooke Ventrelle.pdf,/Users/paolacalle/Desktop/CPL/scholar_resumes/all-scholar-resumes-cleaned/Resume - Brooke Ventrelle.pdf,00QVx00000hGrSdMAK,,Scholar resume imported from cleaned CPL resume folder,Brooke Ventrelle,bcvent26@g.holycross.edu,1
Resume - Claire Snyder,Resume - Claire Snyder.pdf,/Users/paolacalle/Desktop/CPL/scholar_resumes/all-scholar-resumes-cleaned/Resume - Claire Snyder.pdf,00QVx00000hGsGbMAK,,Scholar resume imported from cleaned CPL resume folder,Claire Snyder,clairesnyder02@gmail.com,1
Resume - Eleanor (nora) Smillie,Resume - Eleanor (nora) Smillie.pdf,/Users/paolacalle/Desktop/CPL/scholar_resumes/all-scholar-resumes-cleaned/Resume - Eleanor (nora) Smillie.pdf,00QVx00000hGleyMAC,,Scholar resume imported from cleaned CPL resume folder,Eleanor (Nora) Smillie,nora@smillie.org,1
Resume - Grace Mclaughlin,Resume - Grace Mclaughlin.pdf,/Users/paolacalle/Desktop/CPL/scholar_resumes/all-scholar-resumes-cleaned/Resume - Grace Mclaughlin.pdf,00QVx00000hK6uwMAC,,Scholar resume imported from cleaned CPL resume folder,Grace McLaughlin,gbm1@williams.edu,1
Resume - Grace Pottebaum,Resume - Grace Pottebaum.pdf,/Users/paolacalle/Desktop/CPL/scholar_resumes/all-scholar-resumes-cleaned/Resume - Grace Pottebaum.pdf,00QVx00000hGsIDMA0,,Scholar resume imported from cleaned CPL resume folder,Grace Pottebaum,gpott@business.unc.edu,1
Resume - Jillian Loebs,Resume - Jillian Loebs.pdf,/Users/paolacalle/Desktop/CPL/scholar_resumes/all-scholar-resumes-cleaned/Resume - Jillian Loebs.pdf,00QVx00000hGsZxMAK,,Scholar resume imported from cleaned CPL resume folder,Jillian Loebs,jilian_loebs@student.uml.edu,1
Resume - Karly Murlless,Resume - Karly Murlless.pdf,/Users/paolacalle/Desktop/CPL/scholar_resumes/all-scholar-resumes-cleaned/Resume - Karly Murlless.pdf,00QVx00000hGsLRMA0,,Scholar resume imported from cleaned CPL resume folder,Karly Murlless,kmurl@sas.upenn.edu,1
Resume - Katie Vu,Resume - Katie Vu.docx,/Users/paolacalle/Desktop/CPL/scholar_resumes/all-scholar-resumes-cleaned/Resume - Katie Vu.docx,00QVx00000hGfQ1MAK,,Scholar resume imported from cleaned CPL resume folder,Katie Vu,katievu@unc.edu,1
Resume - Kristina Ponomareva,Resume - Kristina Ponomareva.jpeg,/Users/paolacalle/Desktop/CPL/scholar_resumes/all-scholar-resumes-cleaned/Resume - Kristina Ponomareva.jpeg,00QVx00000hGelWMAS,,Scholar resume imported from cleaned CPL resume folder,Kristina Ponomareva,kristina.ponomareva.golf@gmail.com,1
Resume - Lauren Adams,Resume - Lauren Adams.pdf,/Users/paolacalle/Desktop/CPL/scholar_resumes/all-scholar-resumes-cleaned/Resume - Lauren Adams.pdf,00QVx00000hGeyQMAS,,Scholar resume imported from cleaned CPL resume folder,Lauren Adams,ladams@rollins.edu,1
Resume - Mary Kacergis,Resume - Mary Kacergis.pdf,/Users/paolacalle/Desktop/CPL/scholar_resumes/all-scholar-resumes-cleaned/Resume - Mary Kacergis.pdf,00QVx00000hGsOfMAK,,Scholar resume imported from cleaned CPL resume folder,Mary Kacergis,mrkacergis@gmail.com,1
Resume - Ria Basu,Resume - Ria Basu.pdf,/Users/paolacalle/Desktop/CPL/scholar_resumes/all-scholar-resumes-cleaned/Resume - Ria Basu.pdf,00QVx00000hGsRtMAK,,Scholar resume imported from cleaned CPL resume folder,Ria Basu,rab2291@columbia.edu,1
Resume - Sasha Schratwieser,Resume - Sasha Schratwieser.pdf,/Users/paolacalle/Desktop/CPL/scholar_resumes/all-scholar-resumes-cleaned/Resume - Sasha Schratwieser.pdf,00QVx00000hGsTVMA0,,Scholar resume imported from cleaned CPL resume folder,Sasha Schratwieser,saschratwieser@gmail.com,1
